empties,exact,probe2,probe4,probe6,probe8,probe10,nprobe2,nprobe4,nprobe6,nprobe8,nprobe10
10,10,0.90,3.74,3.84,8.14,0.00,5.05,3.79,3.37,6.99,4.21
10,18,23.92,22.59,23.18,17.19,-0.00,20.68,18.65,19.92,17.88,4.23
10,-10,2.34,-1.16,-7.19,-10.47,0.00,5.39,-1.20,-7.13,-10.47,2.80
10,-40,-24.07,-22.93,-32.12,-41.46,0.00,-32.22,-28.91,-35.89,-41.28,3.09
10,10,11.36,6.35,10.95,9.74,0.00,13.86,7.65,10.99,8.79,5.29
10,-16,-15.92,-15.72,-14.11,-12.03,0.00,-15.83,-17.07,-14.41,-13.54,2.31
10,6,7.42,5.80,6.33,7.80,0.00,10.27,4.91,5.49,6.20,3.40
10,-8,10.69,7.49,-2.51,-9.40,0.00,10.48,3.23,-2.66,-5.06,2.71
10,10,5.57,7.47,9.66,10.43,0.00,9.67,10.13,10.51,10.09,4.70
10,-4,-4.70,-7.93,-8.60,-2.46,0.00,-2.64,-5.55,-7.78,-1.10,2.83
12,0,1.85,-1.39,-0.95,-0.60,0.71,2.71,-0.91,-0.98,-0.80,1.43
12,6,5.87,8.40,4.37,5.70,7.76,7.86,6.81,3.26,6.04,6.76
12,2,7.60,10.29,8.19,5.65,3.51,8.64,10.61,10.55,5.74,3.41
12,8,9.87,12.10,13.18,12.18,8.41,8.46,7.57,11.97,9.78,8.87
12,-30,-26.10,-25.07,-26.68,-23.21,-26.63,-31.31,-27.42,-30.90,-25.78,-26.19
12,2,19.29,11.44,8.76,8.98,6.10,13.49,5.64,6.52,6.51,6.47
12,14,-19.23,-22.63,-19.27,-3.08,4.11,-11.48,-11.46,-12.29,1.11,10.90
12,2,-8.42,-12.12,-10.42,-7.98,-4.11,-8.20,-7.19,-5.86,-4.15,1.05
12,-12,-7.17,-11.03,-8.33,-11.31,-12.47,-14.38,-11.47,-9.87,-12.46,-11.33
12,20,4.31,1.69,7.14,11.61,13.67,6.95,5.04,10.63,13.46,15.58
14,16,16.20,14.11,16.54,19.47,17.79,20.58,18.73,18.13,22.03,17.38
14,10,9.11,12.25,8.65,10.40,9.14,14.64,13.03,8.77,9.66,8.30
14,0,-2.19,-3.09,-5.57,-3.03,1.26,-1.27,-2.54,-1.36,-2.00,2.03
14,12,11.61,15.74,14.31,13.81,12.37,13.26,14.99,13.54,18.46,15.95
14,6,5.85,8.68,9.25,7.51,5.04,7.32,8.48,9.71,10.35,6.46
14,-10,-9.84,-11.77,-11.64,-9.56,-10.29,-11.64,-11.69,-10.29,-8.00,-11.06
14,-12,-8.21,-10.32,-11.05,-13.08,-13.73,-9.78,-11.57,-11.86,-14.25,-15.46
14,-2,-3.29,-2.25,-2.37,-3.68,2.38,0.23,0.36,1.35,0.92,-0.94
14,10,8.44,13.07,7.65,11.97,12.27,10.14,16.02,10.48,15.00,12.16
14,10,8.99,10.01,7.68,7.61,8.22,12.55,11.24,10.16,9.01,7.46
16,-8,-10.79,-9.46,-9.20,-8.28,-8.63,-9.02,-7.90,-7.12,-9.86,-10.78
16,2,2.57,-2.67,3.48,2.95,4.88,0.12,-4.86,4.09,3.45,4.60
16,-4,-3.43,-1.61,-3.63,-4.55,-4.58,-5.36,-6.26,-4.69,-2.92,-2.25
16,2,-1.85,-0.02,3.58,3.80,6.46,1.02,0.91,5.02,3.47,5.75
16,-12,-14.87,-7.11,-7.55,-11.17,-8.02,-14.81,-3.81,-7.50,-9.08,-7.84
16,2,1.90,0.12,-3.78,-5.65,-4.20,-3.90,-2.86,-4.52,-6.16,-3.40
16,0,-0.47,4.50,0.05,2.67,1.23,-0.34,0.89,1.28,3.67,1.31
16,8,15.47,13.61,12.60,7.44,5.91,15.30,14.83,12.09,9.54,5.01
16,-2,-3.81,-4.26,-3.73,-1.83,-4.50,-5.83,-3.27,-0.75,-1.98,-3.35
16,8,4.63,3.91,6.46,4.19,2.32,2.42,4.99,7.87,5.49,4.83
18,-8,-18.63,-20.28,-19.66,-19.85,-21.61,-15.31,-17.34,-17.72,-19.17,-18.13
18,2,1.52,1.80,-3.73,-0.64,1.91,3.81,1.12,-0.29,-2.28,1.86
18,-16,-14.95,-16.79,-17.54,-16.11,-18.76,-11.56,-13.48,-16.94,-15.80,-15.58
18,-6,-5.59,-3.53,-2.74,-7.42,-8.89,-9.13,-4.51,-5.55,-6.82,-10.02
18,6,1.65,2.81,4.31,1.62,1.43,5.54,5.31,6.85,2.33,5.68
18,-8,1.40,-7.67,-7.94,-9.98,-7.36,-4.27,-8.03,-7.18,-8.86,-8.81
18,-16,-21.06,-23.13,-21.28,-19.51,-19.39,-18.46,-22.25,-22.26,-19.15,-21.52
18,-10,-15.05,-13.65,-12.45,-9.56,-11.83,-16.51,-12.85,-12.66,-8.51,-10.39
18,2,4.58,4.40,3.81,0.64,0.76,10.25,5.99,4.15,4.63,-0.88
18,8,10.53,8.51,9.35,9.15,8.87,11.06,10.60,8.97,8.64,9.03
20,6,1.31,-1.01,1.36,0.77,1.35,3.73,4.20,4.31,3.35,4.38
20,0,4.56,2.35,2.87,1.33,0.90,6.77,3.02,4.12,4.45,4.08
20,-2,-5.99,-0.47,-0.03,-2.75,-5.51,4.05,1.38,-2.20,-2.74,-3.43
20,-18,-9.53,-9.64,-10.28,-8.39,-11.25,-12.73,-12.07,-11.01,-9.87,-10.68
20,-10,-1.72,-2.06,-2.76,-8.07,-7.77,-1.86,-1.23,-5.04,-5.92,-5.23
20,-2,-6.16,-6.31,-8.47,-9.58,-8.69,-8.92,-7.23,-8.24,-9.97,-10.30
20,-8,-5.89,-7.61,-11.19,-9.92,-8.39,-5.43,-8.01,-6.94,-8.40,-9.71
20,-4,0.40,-1.95,-3.92,-5.58,-7.68,-1.68,-4.34,-5.52,-2.49,-4.79
20,-6,-4.53,-5.55,-1.76,-1.41,-5.43,-4.39,-5.02,-1.00,-2.76,-5.89
20,2,-2.38,0.98,2.02,-0.68,-3.45,-1.09,0.17,-1.63,-4.84,-2.40
22,-6,-6.24,-4.28,-4.45,-4.64,-4.68,-2.16,-2.67,-2.62,-3.50,-4.57
22,2,8.50,4.58,2.43,3.21,3.60,5.43,3.99,1.68,2.88,1.40
22,6,9.75,6.48,9.11,10.73,8.67,11.10,11.29,10.70,10.03,7.73
22,-8,-5.87,-3.62,-6.02,-4.94,-9.09,-4.98,-2.57,-5.60,-3.65,-5.56
22,4,-0.86,6.13,1.76,1.50,2.14,0.00,7.34,2.65,3.54,5.50
22,-8,0.06,-2.22,-5.31,-6.54,-5.21,0.00,-2.03,-6.29,-5.53,-6.34
22,6,5.80,5.02,4.53,0.70,2.94,5.56,2.14,4.85,3.77,4.76
22,0,8.28,4.11,1.30,1.08,0.61,6.67,1.42,-0.44,1.06,1.48
22,0,-5.16,-4.20,-3.04,-2.77,-1.79,-2.01,-2.03,-2.08,-1.44,0.39
22,-16,-13.51,-12.09,-14.53,-12.62,-12.81,-15.45,-12.78,-13.70,-10.37,-12.00
24,16,16.58,15.88,13.34,12.91,8.41,16.13,16.26,14.98,14.21,10.55
24,0,1.81,4.36,2.21,-1.10,-0.99,1.19,3.16,2.03,-1.05,-0.70
24,4,4.09,2.99,2.96,3.61,4.07,7.17,6.07,3.39,5.89,5.01
24,10,9.70,10.80,11.85,9.60,10.11,10.07,10.34,10.98,11.42,9.84
24,6,8.11,6.89,6.91,6.33,6.32,8.60,6.11,8.05,5.64,6.94
24,22,13.33,14.63,21.54,18.01,17.07,23.73,23.05,25.67,24.71,20.39
24,2,0.63,-0.53,-1.39,-0.39,-2.54,3.10,1.63,-0.10,2.82,1.20
24,-6,-9.13,-8.91,-9.74,-10.72,-8.95,-8.00,-7.18,-7.51,-7.67,-7.63
24,14,9.64,5.38,7.50,6.03,8.28,12.78,5.88,9.59,10.24,10.55
24,14,15.79,15.67,14.62,11.87,14.83,19.44,17.80,16.07,16.08,17.20
26,-8,-2.16,-5.45,-10.74,-12.39,-12.29,-6.33,-6.37,-10.11,-12.98,-9.33
26,-6,4.40,-3.87,-12.56,-10.80,-10.10,-2.19,-6.28,-10.44,-7.47,-8.54
26,16,17.67,19.01,18.26,16.20,18.69,16.77,18.84,17.08,17.63,18.68
26,-4,-5.32,-8.11,-7.28,-7.18,-5.91,-0.02,-7.42,-5.35,-7.21,-6.39
26,8,6.56,3.77,5.50,8.53,9.74,8.11,5.94,5.16,8.93,9.80
26,10,5.04,6.40,6.21,3.07,3.29,5.12,8.11,7.98,5.10,4.05
26,-10,-8.66,-10.68,-6.89,-6.89,-8.91,-9.70,-9.65,-7.02,-7.46,-8.64
26,-10,-7.54,-10.94,-10.75,-8.95,-10.75,-3.05,-6.48,-5.58,-7.64,-8.36
26,-2,2.12,2.53,0.52,-0.44,-1.07,2.27,-0.69,-1.58,-0.32,-0.77
26,10,-0.29,3.27,1.95,5.73,6.95,6.17,9.88,5.54,7.89,10.92
28,-2,-2.36,-0.67,-1.02,-2.20,-1.34,-1.23,0.23,-1.57,-2.60,-3.00
28,14,9.64,6.69,5.87,6.02,6.02,11.26,9.55,9.11,9.82,8.62
28,6,3.74,2.61,3.80,2.87,3.60,3.97,5.22,6.76,4.56,6.31
28,-4,-2.43,-1.30,-1.22,-0.42,-0.18,-4.11,-0.54,-0.88,-0.07,-0.14
28,6,8.59,7.17,8.12,9.02,6.67,7.05,6.72,9.47,7.41,5.56
28,-14,-10.69,-10.14,-11.27,-10.40,-11.49,-13.56,-10.79,-11.45,-11.01,-15.06
28,-6,-1.83,-2.08,-1.17,0.00,-1.38,-3.56,-1.16,-1.25,-3.27,-2.87
28,-6,-8.26,-10.81,-11.31,-9.17,-10.06,-6.67,-7.90,-8.14,-8.32,-8.41
28,4,0.60,1.47,0.98,-0.77,0.19,0.70,2.40,0.54,-0.30,0.80
28,-12,-7.14,-6.42,-6.36,-8.51,-10.37,-8.04,-5.87,-7.29,-10.66,-11.33
30,-4,-0.81,0.09,-2.21,-0.97,-1.57,-5.13,-2.49,-1.04,-0.97,-4.96
30,0,0.65,2.50,3.36,2.58,1.54,1.15,2.58,2.09,1.35,1.15
30,-4,-5.14,-5.28,-4.94,-3.95,-4.88,-6.00,-5.18,-3.52,-1.82,-3.22
30,0,2.32,0.77,-0.17,-1.06,1.52,5.34,2.50,1.64,0.79,1.14
30,14,18.56,18.93,16.33,18.11,17.65,22.15,21.13,19.43,20.46,21.88
30,-8,-4.93,-5.89,-6.32,-5.81,-6.66,-4.85,-5.28,-4.67,-5.39,-6.47
30,-8,-8.08,-10.40,-9.26,-8.77,-10.06,-7.78,-8.49,-8.45,-6.97,-10.19
30,-4,-2.42,-0.38,-0.78,-1.24,-2.01,-1.49,-1.83,-1.98,-3.08,-3.24
30,-2,-3.67,1.36,1.10,-1.32,-1.40,-0.75,1.78,0.50,-0.69,-1.65
30,6,-0.25,4.09,3.72,4.09,4.32,-0.69,1.64,3.71,2.94,3.28
